address_id,street_address,legal_city,legal_state,property_use,evaluation_status,residential_binding_repaired,before_returned_count,after_returned_count,before_applies,after_applies,before_unknown,after_unknown,unknown_to_applies,conflict_flag_count
A0001,6238 DE LONGPRE AVE,Los Angeles,CA,multifamily_residential,evaluated,False,161,161,54,54,107,107,0,7
A0002,1031-1035 CLINTON ST,Hoboken,NJ,multifamily_residential,evaluated,False,91,91,8,8,83,83,0,2
A0003,876-878 S 14TH ST,Newark,NJ,multifamily_residential,evaluated,False,90,90,8,8,82,82,0,2
A0004,10050 MOUNTAIR AVE,Los Angeles,CA,multifamily_residential,evaluated,False,161,161,54,54,107,107,0,7
A0005,1609 ADDISON ST,Berkeley,CA,multifamily_residential,evaluated,False,139,139,47,47,92,92,0,3
A0006,69-71 WESTLAND AV,Boston,MA,subsidized_multifamily,evaluated,True,86,86,0,12,86,74,12,6
A0007,4257 SAN PEDRO PL,Los Angeles,CA,multifamily_residential,evaluated,False,161,161,54,54,107,107,0,7
A0008,1065 SUMMIT AVENUE,Jersey City,NJ,multifamily_residential,evaluated,False,94,94,8,8,86,86,0,2
A0009,322-322.5 Western Ave,Cambridge,MA,multifamily_residential,skipped,False,0,0,0,0,0,0,0,0
A0010,134 Oxford St,Cambridge,MA,multifamily_residential,evaluated,False,77,77,12,12,65,65,0,1
A0011,834-836 RAYMOND BLVD,Newark,NJ,multifamily_residential,evaluated,False,90,90,8,8,82,82,0,2
A0012,1064 SUMMIT AVE.,Jersey City,NJ,multifamily_residential,evaluated,False,94,94,8,8,86,86,0,2
A0013,137 N 11TH ST,Newark,NJ,multifamily_residential,evaluated,False,90,90,8,8,82,82,0,2
A0014,5907 CAHUENGA BLVD,Los Angeles,CA,multifamily_residential,evaluated,False,161,161,54,54,107,107,0,7
A0015,15 Everett St,Cambridge,MA,multifamily_residential,evaluated,False,77,77,12,12,65,65,0,1
A0016,3515 FILLMORE ST,San Francisco,CA,multifamily_residential,evaluated,False,128,128,49,49,79,79,0,3
A0017,225 DUNCAN AVE.,Jersey City,NJ,multifamily_residential,evaluated,False,94,94,8,8,86,86,0,2
A0018,1906 BONITA AVE,Berkeley,CA,multifamily_residential,evaluated,False,139,139,47,47,92,92,0,3
A0019,3820 HAINES ST,San Diego,CA,multifamily_residential,evaluated,False,141,141,47,47,94,94,0,4
A0020,646-648 N 6TH ST,Newark,NJ,multifamily_residential,evaluated,False,90,90,8,8,82,82,0,2
A0021,22 PRECITA AV,San Francisco,CA,multifamily_residential,evaluated,False,128,128,49,49,79,79,0,3
A0022,10908 HARTSOOK ST,Los Angeles,CA,multifamily_residential,evaluated,False,161,161,54,54,107,107,0,7
A0023,843 IROLO ST,Los Angeles,CA,multifamily_residential,evaluated,False,161,161,54,54,107,107,0,7
A0024,227 Charles St,Cambridge,MA,multifamily_residential,evaluated,False,77,77,12,12,65,65,0,1
A0025,2341 8TH ST,Berkeley,CA,multifamily_residential,evaluated,False,139,139,47,47,92,92,0,3
A0026,59 OAK ST.,Jersey City,NJ,multifamily_residential,evaluated,False,94,94,8,8,86,86,0,2
A0027,3918 FULTON ST,San Francisco,CA,multifamily_residential,evaluated,False,128,128,49,49,79,79,0,3
A0028,585 5TH ST,Newark,NJ,multifamily_residential,evaluated,False,90,90,8,8,82,82,0,2
A0029,280-284 VERONA AVE,Newark,NJ,multifamily_residential,evaluated,False,90,90,8,8,82,82,0,2
A0030,2051 DIVISADERO ST,San Francisco,CA,mixed_use_multifamily,evaluated,True,128,128,0,49,128,79,49,3
A0031,5624 S SAN PEDRO ST,Los Angeles,CA,multifamily_residential,evaluated,False,161,161,54,54,107,107,0,7
A0032,63 OAK ST.,Jersey City,NJ,multifamily_residential,evaluated,False,94,94,8,8,86,86,0,2
A0033,1260 KEARNY ST,San Francisco,CA,multifamily_residential,evaluated,False,128,128,49,49,79,79,0,3
A0034,25 Gore St,Cambridge,MA,multifamily_residential,evaluated,False,77,77,12,12,65,65,0,1
A0035,5239 HARMONY AVE,Los Angeles,CA,multifamily_residential,evaluated,False,161,161,54,54,107,107,0,7
A0036,33 WARD ST,Boston,MA,multifamily_residential,evaluated,False,86,86,12,12,74,74,0,6
A0037,770 IROLO ST,Los Angeles,CA,multifamily_residential,evaluated,False,161,161,54,54,107,107,0,7
A0038,154 YUKON ST,San Francisco,CA,multifamily_residential,evaluated,False,128,128,49,49,79,79,0,3
A0039,1 Craigie St,Cambridge,MA,multifamily_residential,evaluated,False,77,77,12,12,65,65,0,1
A0040,69-75 JACKSON ST,Hoboken,NJ,multifamily_residential,evaluated,False,91,91,8,8,83,83,0,2
A0041,122 TIFFANY AV,San Francisco,CA,multifamily_residential,evaluated,False,128,128,49,49,79,79,0,3
A0042,320 FORREST ST.,Jersey City,NJ,multifamily_residential,evaluated,False,94,94,8,8,86,86,0,2
A0043,4 Orchard St,Cambridge,MA,multifamily_residential,evaluated,False,77,77,12,12,65,65,0,1
A0044,773-775 SANDFORD AVE,Newark,NJ,multifamily_residential,evaluated,False,90,90,8,8,82,82,0,2
A0045,12829 BRANFORD ST,Los Angeles,CA,multifamily_residential,evaluated,False,161,161,54,54,107,107,0,7
A0046,8-12 Soden St,Cambridge,MA,multifamily_residential,evaluated,False,77,77,12,12,65,65,0,1
A0047,14 RUTGERS AVE.,Jersey City,NJ,multifamily_residential,evaluated,False,94,94,8,8,86,86,0,2
A0048,1619 COMMONWEALTH AV,Boston,MA,multifamily_residential,evaluated,False,86,86,12,12,74,74,0,6
A0049,721 CLINTON ST,Hoboken,NJ,multifamily_residential,evaluated,False,91,91,8,8,83,83,0,2
A0050,36 HOFF ST,San Francisco,CA,multifamily_residential,evaluated,False,128,128,49,49,79,79,0,3
A0051,65 OAKLAND AVE.,Jersey City,NJ,multifamily_residential,evaluated,False,94,94,8,8,86,86,0,2
A0052,88 Gardner ST,Boston,MA,multifamily_residential,evaluated,False,86,86,12,12,74,74,0,6
A0053,32 Garrison ST,Boston,MA,multifamily_residential,evaluated,False,86,86,12,12,74,74,0,6
A0054,13 Shetland ST,Boston,MA,multifamily_residential,evaluated,False,86,86,12,12,74,74,0,6
A0055,305 10TH AV,San Francisco,CA,multifamily_residential,evaluated,False,128,128,49,49,79,79,0,3
A0056,41-43 Edgerly RD,Boston,MA,multifamily_residential,evaluated,False,86,86,12,12,74,74,0,6
A0057,57 STONE ST,Newark,NJ,multifamily_residential,evaluated,False,90,90,8,8,82,82,0,2
A0058,3137 BOSTON AVE,San Diego,CA,multifamily_residential,evaluated,False,141,141,47,47,94,94,0,4
A0059,84-86 WALNUT ST,Newark,NJ,multifamily_residential,evaluated,False,90,90,8,8,82,82,0,2
A0060,5737 WILLOWCREST AVE,Los Angeles,CA,multifamily_residential,evaluated,False,161,161,54,54,107,107,0,7
A0061,106 18TH AV,San Francisco,CA,multifamily_residential,evaluated,False,128,128,49,49,79,79,0,3
A0062,77 HOFF ST,San Francisco,CA,multifamily_residential,evaluated,False,128,128,49,49,79,79,0,3
A0063,11 Cortes ST,Boston,MA,multifamily_residential,evaluated,False,86,86,12,12,74,74,0,6
A0064,24-26 Concord Ave,Cambridge,MA,multifamily_residential,evaluated,False,77,77,12,12,65,65,0,1
A0065,63 Bailey ST,Boston,MA,multifamily_residential,evaluated,False,86,86,12,12,74,74,0,6
A0066,1318 N ORANGE DR,Los Angeles,CA,multifamily_residential,evaluated,False,161,161,54,54,107,107,0,7
A0067,1335 N VISTA ST,Los Angeles,CA,multifamily_residential,evaluated,False,161,161,54,54,107,107,0,7
A0068,40-42 Clearway ST,Boston,MA,multifamily_residential,evaluated,False,86,86,12,12,74,74,0,6
A0069,2277 UNION ST,San Francisco,CA,mixed_use_multifamily,evaluated,True,128,128,0,49,128,79,49,3
A0070,43 Fayette St,Cambridge,MA,multifamily_residential,evaluated,False,77,77,12,12,65,65,0,1
A0071,14.5-16 Vandine St,Cambridge,MA,multifamily_residential,evaluated,False,77,77,12,12,65,65,0,1
A0072,1251 10TH AV,San Francisco,CA,multifamily_residential,evaluated,False,128,128,49,49,79,79,0,3
A0073,35-37 Inman St,Cambridge,MA,multifamily_residential,evaluated,False,77,77,12,12,65,65,0,1
A0074,717 S BERENDO ST,Los Angeles,CA,multifamily_residential,evaluated,False,161,161,54,54,107,107,0,7
A0075,27 Everett St,Cambridge,MA,multifamily_residential,evaluated,False,77,77,12,12,65,65,0,1
A0076,304 E KINNEY ST,Newark,NJ,multifamily_residential,evaluated,False,90,90,8,8,82,82,0,2
A0077,91 Brookline St,Cambridge,MA,multifamily_residential,evaluated,False,77,77,12,12,65,65,0,1
A0078,115 BAYVIEW AVE.,Jersey City,NJ,multifamily_residential,evaluated,False,94,94,8,8,86,86,0,2
A0079,2361 PORTLAND ST,Los Angeles,CA,multifamily_residential,evaluated,False,161,161,54,54,107,107,0,7
A0080,690 S CATALINA ST,Los Angeles,CA,multifamily_residential,evaluated,False,161,161,54,54,107,107,0,7
A0081,145 TAYLOR ST,San Francisco,CA,multifamily_residential,evaluated,False,128,128,49,49,79,79,0,3
A0082,63 Inman St,Cambridge,MA,multifamily_residential,evaluated,False,77,77,12,12,65,65,0,1
A0083,38 KENILWORTH ST,Boston,MA,subsidized_multifamily,evaluated,True,86,86,0,12,86,74,12,6
A0084,1725 CHESTNUT ST,San Francisco,CA,multifamily_residential,evaluated,False,128,128,49,49,79,79,0,3
A0085,1101 CHURCH ST,San Francisco,CA,multifamily_residential,evaluated,False,128,128,49,49,79,79,0,3
A0086,67 Plymouth St,Cambridge,MA,multifamily_residential,evaluated,False,77,77,12,12,65,65,0,1
A0087,323 BLOOMFIELD ST,Hoboken,NJ,multifamily_residential,evaluated,False,91,91,8,8,83,83,0,2
A0088,201 CLEMENT ST,San Francisco,CA,mixed_use_multifamily,evaluated,True,128,128,0,49,128,79,49,3
A0089,935 PARK AVE,Hoboken,NJ,multifamily_residential,evaluated,False,91,91,8,8,83,83,0,2
A0090,30 JACKSON ST,Newark,NJ,multifamily_residential,evaluated,False,90,90,8,8,82,82,0,2
A0091,2229 DWIGHT WAY,Berkeley,CA,multifamily_residential,evaluated,False,139,139,47,47,92,92,0,3
A0092,2514 PIEDMONT AVE,Berkeley,CA,multifamily_residential,evaluated,False,139,139,47,47,92,92,0,3
A0093,90 BICKFORD ST,Boston,MA,specialized_residential,evaluated,True,86,86,0,12,86,74,12,6
A0094,1371 27TH ST,San Diego,CA,multifamily_residential,evaluated,False,141,141,47,47,94,94,0,4
A0095,23 Elm St,Cambridge,MA,multifamily_residential,evaluated,False,77,77,12,12,65,65,0,1
A0096,81 WESTLAND AV,Boston,MA,subsidized_multifamily,evaluated,True,86,86,0,12,86,74,12,6
A0097,1560 MASON ST,San Francisco,CA,mixed_use_multifamily,evaluated,True,128,128,0,49,128,79,49,3
A0098,WILLOWWOOD ST,Boston,MA,subsidized_multifamily,skipped,False,0,0,0,0,0,0,0,0
A0099,822 WASHINGTON ST,Hoboken,NJ,multifamily_residential,evaluated,False,91,91,8,8,83,83,0,2
A0100,4732 BANCROFT ST,San Diego,CA,multifamily_residential,evaluated,False,141,141,47,47,94,94,0,4
A0101,315-319 FAIRMOUNT AVENUE,Jersey City,NJ,multifamily_residential,evaluated,False,94,94,8,8,86,86,0,2
A0102,124 BLOOMFIELD ST,Hoboken,NJ,multifamily_residential,evaluated,False,91,91,8,8,83,83,0,2
A0103,2161 ALLSTON WAY,Berkeley,CA,multifamily_residential,evaluated,False,139,139,47,47,92,92,0,3
A0104,409 5TH ST,Newark,NJ,multifamily_residential,evaluated,False,90,90,8,8,82,82,0,2
A0105,140 PORTOLA DR,San Francisco,CA,multifamily_residential,evaluated,False,128,128,49,49,79,79,0,3
A0106,250 FREMONT ST,San Francisco,CA,multifamily_residential,evaluated,False,128,128,49,49,79,79,0,3
A0107,10635 SHERMAN GROVE AVE,Los Angeles,CA,multifamily_residential,evaluated,False,161,161,54,54,107,107,0,7
A0108,13 JEFFERSON AVE.,Jersey City,NJ,multifamily_residential,evaluated,False,94,94,8,8,86,86,0,2
A0109,2922 OTIS ST,Berkeley,CA,multifamily_residential,evaluated,False,139,139,47,47,92,92,0,3
A0110,130-132 2ND AVE,Newark,NJ,multifamily_residential,evaluated,False,90,90,8,8,82,82,0,2
A0111,10075 TUJUNGA CANYON BLVD,Los Angeles,CA,multifamily_residential,evaluated,False,161,161,54,54,107,107,0,7
A0112,448 BRODERICK ST,San Francisco,CA,multifamily_residential,evaluated,False,128,128,49,49,79,79,0,3
A0113,3151 ETON AVE,Berkeley,CA,multifamily_residential,evaluated,False,139,139,47,47,92,92,0,3
A0114,3743 INDIA ST,San Diego,CA,multifamily_residential,evaluated,False,141,141,47,47,94,94,0,4
A0115,397 05TH AV,San Francisco,CA,mixed_use_multifamily,skipped,False,0,0,0,0,0,0,0,0
A0116,36 PROSPECT ST.,Jersey City,NJ,multifamily_residential,evaluated,False,94,94,8,8,86,86,0,2
A0117,1733 N CHEROKEE AVE,Los Angeles,CA,multifamily_residential,evaluated,False,161,161,54,54,107,107,0,7
A0118,18-34 KINGBIRD RD,Boston,MA,subsidized_multifamily,evaluated,True,86,86,0,12,86,74,12,6
A0119,607 ADAMS ST,Hoboken,NJ,multifamily_residential,evaluated,False,91,91,8,8,83,83,0,2
A0120,139 ELM ST,Newark,NJ,multifamily_residential,evaluated,False,90,90,8,8,82,82,0,2
A0121,4079 FRONT ST,San Diego,CA,multifamily_residential,evaluated,False,141,141,47,47,94,94,0,4
A0122,4812 S BROADWAY,Los Angeles,CA,multifamily_residential,evaluated,False,161,161,54,54,107,107,0,7
A0123,123 Condor ST,Boston,MA,subsidized_multifamily,evaluated,True,86,86,0,12,86,74,12,6
A0124,33-35 Brookline St,Cambridge,MA,multifamily_residential,evaluated,False,77,77,12,12,65,65,0,1
A0125,227 GRAND ST,Hoboken,NJ,multifamily_residential,evaluated,False,91,91,8,8,83,83,0,2
A0126,1350 POTRERO AV,San Francisco,CA,multifamily_residential,evaluated,False,128,128,49,49,79,79,0,3
A0127,10029 SEPULVEDA BLVD,Los Angeles,CA,multifamily_residential,evaluated,False,161,161,54,54,107,107,0,7
A0128,Harvard ST,Boston,MA,subsidized_multifamily,skipped,False,0,0,0,0,0,0,0,0
A0129,526-532 MULBERRY ST,Newark,NJ,multifamily_residential,evaluated,False,90,90,8,8,82,82,0,2
A0130,554 MARKET ST,Newark,NJ,multifamily_residential,evaluated,False,90,90,8,8,82,82,0,2
A0131,43 POPLAR ST.,Jersey City,NJ,multifamily_residential,evaluated,False,94,94,8,8,86,86,0,2
A0132,587 N 6TH ST,Newark,NJ,multifamily_residential,evaluated,False,90,90,8,8,82,82,0,2
A0133,8819 LANKERSHIM BLVD,Los Angeles,CA,multifamily_residential,evaluated,False,161,161,54,54,107,107,0,7
A0134,101 Norfolk ST,Boston,MA,subsidized_multifamily,evaluated,True,86,86,0,12,86,74,12,6
A0135,843 CLAY ST,San Francisco,CA,multifamily_residential,evaluated,False,128,128,49,49,79,79,0,3
A0136,920 HUDSON ST,Hoboken,NJ,multifamily_residential,evaluated,False,91,91,8,8,83,83,0,2
A0137,65-71 NORFLOK ST,Newark,NJ,multifamily_residential,evaluated,False,90,90,8,8,82,82,0,2
A0138,1033 E 51ST ST,Los Angeles,CA,multifamily_residential,evaluated,False,161,161,54,54,107,107,0,7
A0139,54 STUYVESANT AVE.,Jersey City,NJ,multifamily_residential,evaluated,False,94,94,8,8,86,86,0,2
A0140,459 BEACON ST,Boston,MA,multifamily_residential,evaluated,False,86,86,12,12,74,74,0,6
A0141,2601 43RD AV,San Francisco,CA,multifamily_residential,evaluated,False,128,128,49,49,79,79,0,3
A0142,4615 AVALON BLVD,Los Angeles,CA,multifamily_residential,evaluated,False,161,161,54,54,107,107,0,7
A0143,75 ELM HILL AV,Boston,MA,subsidized_multifamily,evaluated,True,86,86,0,12,86,74,12,6
A0144,112-114 Amory ST,Boston,MA,multifamily_residential,evaluated,False,86,86,12,12,74,74,0,6
A0145,4515 FELTON ST,San Diego,CA,multifamily_residential,evaluated,False,141,141,47,47,94,94,0,4
A0146,93-95 HAWKINS ST,Newark,NJ,multifamily_residential,evaluated,False,90,90,8,8,82,82,0,2
A0147,2850 GOLDEN GATE AV,San Francisco,CA,multifamily_residential,evaluated,False,128,128,49,49,79,79,0,3
A0148,162-166 5TH ST,Newark,NJ,multifamily_residential,evaluated,False,90,90,8,8,82,82,0,2
A0149,25 Everett ST,Boston,MA,multifamily_residential,evaluated,False,86,86,12,12,74,74,0,6
A0150,3784 E BROADWAY,San Diego,CA,multifamily_residential,evaluated,False,141,141,47,47,94,94,0,4
A0151,16 Queensberry ST,Boston,MA,multifamily_residential,evaluated,False,86,86,12,12,74,74,0,6
A0152,1669 SUNSET CLIFFS BLVD,San Diego,CA,multifamily_residential,evaluated,False,141,141,47,47,94,94,0,4
A0153,366 E 55TH ST,Los Angeles,CA,multifamily_residential,evaluated,False,161,161,54,54,107,107,0,7
A0154,4568 IDAHO ST,San Diego,CA,multifamily_residential,evaluated,False,141,141,47,47,94,94,0,4
A0155,473 Harvard ST,Boston,MA,subsidized_multifamily,evaluated,True,86,86,0,12,86,74,12,6
A0156,290 GREEN ST,San Francisco,CA,multifamily_residential,skipped,False,0,0,0,0,0,0,0,0
A0157,2701 RIDGE RD,Berkeley,CA,multifamily_residential,evaluated,False,139,139,47,47,92,92,0,3
A0158,2522 HILGARD AVE,Berkeley,CA,multifamily_residential,evaluated,False,139,139,47,47,92,92,0,3
A0159,104 SUNSET AVE,Newark,NJ,multifamily_residential,evaluated,False,90,90,8,8,82,82,0,2
A0160,86 CHARLES ST.,Jersey City,NJ,multifamily_residential,evaluated,False,94,94,8,8,86,86,0,2
A0161,317 UNION ST.,Jersey City,NJ,multifamily_residential,evaluated,False,94,94,8,8,86,86,0,2
A0162,1640 N POINSETTIA PL,Los Angeles,CA,multifamily_residential,evaluated,False,161,161,54,54,107,107,0,7
A0163,233-235 SECOND ST.,Jersey City,NJ,multifamily_residential,evaluated,False,94,94,8,8,86,86,0,2
A0164,725 14TH ST,San Francisco,CA,multifamily_residential,evaluated,False,128,128,49,49,79,79,0,3
A0165,734 JAMAICA CT,San Diego,CA,multifamily_residential,evaluated,False,141,141,47,47,94,94,0,4
A0166,1 Potter Pk,Cambridge,MA,multifamily_residential,evaluated,False,77,77,12,12,65,65,0,1
A0167,4616 FLORIDA ST,San Diego,CA,multifamily_residential,evaluated,False,141,141,47,47,94,94,0,4
A0168,600 JACKSON/601 HARRISON,Hoboken,NJ,multifamily_residential,skipped,False,0,0,0,0,0,0,0,0
A0169,115 KILSYTH RD,Boston,MA,multifamily_residential,evaluated,False,86,86,12,12,74,74,0,6
A0170,8917 CEDROS AVE,Los Angeles,CA,multifamily_residential,evaluated,False,161,161,54,54,107,107,0,7
A0171,127 OGDEN AVE.,Jersey City,NJ,multifamily_residential,evaluated,False,94,94,8,8,86,86,0,2
A0172,8504 WILLIS AVE,Los Angeles,CA,multifamily_residential,evaluated,False,161,161,54,54,107,107,0,7
A0173,13180 FOOTHILL BLVD,Los Angeles,CA,multifamily_residential,evaluated,False,161,161,54,54,107,107,0,7
A0174,84 Hampshire St,Cambridge,MA,multifamily_residential,evaluated,False,77,77,12,12,65,65,0,1
A0175,10 Dover St,Cambridge,MA,multifamily_residential,evaluated,False,77,77,12,12,65,65,0,1
A0176,15 Chester St,Cambridge,MA,multifamily_residential,evaluated,False,77,77,12,12,65,65,0,1
A0177,166 HIGHLAND AVE.,Jersey City,NJ,multifamily_residential,evaluated,False,94,94,8,8,86,86,0,2
A0178,5308 RIVERTON AVE,Los Angeles,CA,multifamily_residential,evaluated,False,161,161,54,54,107,107,0,7
A0179,7006 LANEWOOD AVE,Los Angeles,CA,multifamily_residential,evaluated,False,161,161,54,54,107,107,0,7
A0180,845 S KINGSLEY DR,Los Angeles,CA,multifamily_residential,evaluated,False,161,161,54,54,107,107,0,7
A0181,931 GARDEN ST,Hoboken,NJ,multifamily_residential,evaluated,False,91,91,8,8,83,83,0,2
A0182,911-923 CLINTON ST,Hoboken,NJ,multifamily_residential,evaluated,False,91,91,8,8,83,83,0,2
A0183,2427 HILGARD AVE,Berkeley,CA,multifamily_residential,evaluated,False,139,139,47,47,92,92,0,3
A0184,156 W 32ND ST,Los Angeles,CA,multifamily_residential,evaluated,False,161,161,54,54,107,107,0,7
A0185,154 TERHUNE AVE.,Jersey City,NJ,multifamily_residential,evaluated,False,94,94,8,8,86,86,0,2
A0186,107 BEACON AVE.,Jersey City,NJ,multifamily_residential,evaluated,False,94,94,8,8,86,86,0,2
A0187,146 CARLTON AVE.,Jersey City,NJ,multifamily_residential,evaluated,False,94,94,8,8,86,86,0,2
A0188,2819 MCGEE AVE,Berkeley,CA,multifamily_residential,evaluated,False,139,139,47,47,92,92,0,3
A0189,1811 CARLETON ST,Berkeley,CA,multifamily_residential,evaluated,False,139,139,47,47,92,92,0,3
A0190,283 ADAMS ST,Newark,NJ,multifamily_residential,evaluated,False,90,90,8,8,82,82,0,2
A0191,60 Kirkland St,Cambridge,MA,multifamily_residential,evaluated,False,77,77,12,12,65,65,0,1
A0192,780 POST ST,San Francisco,CA,multifamily_residential,evaluated,False,128,128,49,49,79,79,0,3
A0193,1626 BONITA AVE,Berkeley,CA,multifamily_residential,evaluated,False,139,139,47,47,92,92,0,3
A0194,72 Burbank ST,Boston,MA,subsidized_multifamily,evaluated,True,86,86,0,12,86,74,12,6
A0195,1850-1848 COMMONWEALTH AV,Boston,MA,multifamily_residential,evaluated,False,86,86,12,12,74,74,0,6
A0196,16915 BLACKHAWK ST,Los Angeles,CA,multifamily_residential,evaluated,False,161,161,54,54,107,107,0,7
A0197,1611 62ND ST,Berkeley,CA,multifamily_residential,evaluated,False,139,139,47,47,92,92,0,3
A0198,194 Havre ST,Boston,MA,multifamily_residential,evaluated,False,86,86,12,12,74,74,0,6
A0199,42 Bay State Rd,Cambridge,MA,multifamily_residential,evaluated,False,77,77,12,12,65,65,0,1
A0200,1853 N HIGHLAND AVE,Los Angeles,CA,multifamily_residential,evaluated,False,161,161,54,54,107,107,0,7
A0201,2737 BENVENUE AVE,Berkeley,CA,multifamily_residential,evaluated,False,139,139,47,47,92,92,0,3
A0202,1446 JACKSON ST,San Francisco,CA,multifamily_residential,evaluated,False,128,128,49,49,79,79,0,3
A0203,2986-2930 Washington ST,Boston,MA,subsidized_multifamily,evaluated,True,86,86,0,12,86,74,12,6
A0204,202-208 6TH AVE W,Newark,NJ,multifamily_residential,evaluated,False,90,90,8,8,82,82,0,2
A0205,2425 GRANT ST,Berkeley,CA,multifamily_residential,evaluated,False,139,139,47,47,92,92,0,3
A0206,401 43RD AV,San Francisco,CA,multifamily_residential,evaluated,False,128,128,49,49,79,79,0,3
A0207,705 W 23RD ST,Los Angeles,CA,multifamily_residential,evaluated,False,161,161,54,54,107,107,0,7
A0208,126 ADAMS ST,Hoboken,NJ,multifamily_residential,evaluated,False,91,91,8,8,83,83,0,2
A0209,19 Trowbridge St,Cambridge,MA,multifamily_residential,evaluated,False,77,77,12,12,65,65,0,1
A0210,1432 N CURSON AVE,Los Angeles,CA,multifamily_residential,evaluated,False,161,161,54,54,107,107,0,7
A0211,499 BEACON ST,Boston,MA,multifamily_residential,evaluated,False,86,86,12,12,74,74,0,6
A0212,1311 SOUTH VAN NESS AV,San Francisco,CA,multifamily_residential,evaluated,False,128,128,49,49,79,79,0,3
A0213,11649 ACAMA ST,Los Angeles,CA,multifamily_residential,evaluated,False,161,161,54,54,107,107,0,7
A0214,358 Harvard St,Cambridge,MA,multifamily_residential,evaluated,False,77,77,12,12,65,65,0,1
A0215,2295 CALIFORNIA ST,San Francisco,CA,multifamily_residential,evaluated,False,128,128,49,49,79,79,0,3
A0216,2309 HASTE ST,Berkeley,CA,multifamily_residential,evaluated,False,139,139,47,47,92,92,0,3
A0217,170-172 Maverick ST,Boston,MA,subsidized_multifamily,evaluated,True,86,86,0,12,86,74,12,6
A0218,15 Richdale Ave,Cambridge,MA,multifamily_residential,evaluated,False,77,77,12,12,65,65,0,1
A0219,3735 32ND ST,San Diego,CA,multifamily_residential,evaluated,False,141,141,47,47,94,94,0,4
A0220,21-23 Faulkner ST,Boston,MA,subsidized_multifamily,evaluated,True,86,86,0,12,86,74,12,6
A0221,191 Park DR,Boston,MA,multifamily_residential,evaluated,False,86,86,12,12,74,74,0,6
A0222,1901 VALLEJO ST,San Francisco,CA,multifamily_residential,evaluated,False,128,128,49,49,79,79,0,3
A0223,504 COURT ST,Hoboken,NJ,multifamily_residential,evaluated,False,91,91,8,8,83,83,0,2
A0224,8727 TOBIAS AVE,Los Angeles,CA,multifamily_residential,evaluated,False,161,161,54,54,107,107,0,7
A0225,1627 JACKSON ST,San Francisco,CA,multifamily_residential,evaluated,False,128,128,49,49,79,79,0,3
A0226,663 MASSACHUSETTS AV,Boston,MA,subsidized_multifamily,evaluated,True,86,86,0,12,86,74,12,6
A0227,1401 HUDSON ST,Hoboken,NJ,multifamily_residential,evaluated,False,91,91,8,8,83,83,0,2
A0228,225 COLLINGWOOD ST,San Francisco,CA,multifamily_residential,evaluated,False,128,128,49,49,79,79,0,3
A0229,5164 03RD ST,San Francisco,CA,multifamily_residential,skipped,False,0,0,0,0,0,0,0,0
A0230,85 Hancock St,Cambridge,MA,multifamily_residential,evaluated,False,77,77,12,12,65,65,0,1
A0231,521 ARGUELLO BL,San Francisco,CA,multifamily_residential,evaluated,False,128,128,49,49,79,79,0,3
A0232,189 Third St,Cambridge,MA,multifamily_residential,evaluated,False,77,77,12,12,65,65,0,1
A0233,30 MEDFIELD ST,Boston,MA,multifamily_residential,evaluated,False,86,86,12,12,74,74,0,6
A0234,2212 BLAKE ST,Berkeley,CA,multifamily_residential,evaluated,False,139,139,47,47,92,92,0,3
A0235,6736 SELMA AVE,Los Angeles,CA,multifamily_residential,evaluated,False,161,161,54,54,107,107,0,7
A0236,1110 JACKSON ST,San Francisco,CA,multifamily_residential,evaluated,False,128,128,49,49,79,79,0,3
A0237,36 VALLEY ST,San Francisco,CA,multifamily_residential,evaluated,False,128,128,49,49,79,79,0,3
A0238,15256 ACRE ST,Los Angeles,CA,multifamily_residential,evaluated,False,161,161,54,54,107,107,0,7
A0239,1476 UNIVERSITY AVE,Berkeley,CA,multifamily_residential,evaluated,False,139,139,47,47,92,92,0,3
A0240,4135 38TH ST,San Diego,CA,multifamily_residential,evaluated,False,141,141,47,47,94,94,0,4
A0241,913 GARDEN ST,Hoboken,NJ,multifamily_residential,evaluated,False,91,91,8,8,83,83,0,2
A0242,85-87 SIERRA RD,Boston,MA,multifamily_residential,evaluated,False,86,86,12,12,74,74,0,6
A0243,664 OCEAN AVE.,Jersey City,NJ,multifamily_residential,evaluated,False,94,94,8,8,86,86,0,2
A0244,1126 HUDSON ST,Hoboken,NJ,multifamily_residential,evaluated,False,91,91,8,8,83,83,0,2
A0245,30 WEST HOWELL ST M-D,Boston,MA,multifamily_residential,evaluated,False,86,86,12,12,74,74,0,6
A0246,4386 COPELAND AVE,San Diego,CA,multifamily_residential,evaluated,False,141,141,47,47,94,94,0,4
A0247,4957 CAPE MAY AVE,San Diego,CA,multifamily_residential,evaluated,False,141,141,47,47,94,94,0,4
A0248,941 S KENMORE AVE,Los Angeles,CA,multifamily_residential,evaluated,False,161,161,54,54,107,107,0,7
A0249,498-500 HAWTHORNE AVE,Newark,NJ,multifamily_residential,evaluated,False,90,90,8,8,82,82,0,2
A0250,211 BALDWIN AVE.,Jersey City,NJ,multifamily_residential,evaluated,False,94,94,8,8,86,86,0,2
A0251,4663 33RD ST,San Diego,CA,multifamily_residential,evaluated,False,141,141,47,47,94,94,0,4
A0252,15514 CHASE ST,Los Angeles,CA,multifamily_residential,evaluated,False,161,161,54,54,107,107,0,7
A0253,2250 NORTH POINT ST,San Francisco,CA,multifamily_residential,evaluated,False,128,128,49,49,79,79,0,3
A0254,805 WASHINGTON ST,Hoboken,NJ,multifamily_residential,evaluated,False,91,91,8,8,83,83,0,2
A0255,851 E 51ST ST,Los Angeles,CA,multifamily_residential,evaluated,False,161,161,54,54,107,107,0,7
A0256,327 JACKSON ST,Hoboken,NJ,multifamily_residential,evaluated,False,91,91,8,8,83,83,0,2
A0257,5 COMMER CT,San Francisco,CA,multifamily_residential,evaluated,False,128,128,49,49,79,79,0,3
A0258,471 COLUMBIA RD,Boston,MA,subsidized_multifamily,evaluated,True,86,86,0,12,86,74,12,6
A0259,872 NORTH POINT ST,San Francisco,CA,mixed_use_multifamily,evaluated,True,128,128,0,49,128,79,49,3
A0260,2479 LE CONTE AVE,Berkeley,CA,multifamily_residential,evaluated,False,139,139,47,47,92,92,0,3
A0261,525 ADAMS ST,Hoboken,NJ,multifamily_residential,evaluated,False,91,91,8,8,83,83,0,2
A0262,2924 E JUNIPER ST,San Diego,CA,multifamily_residential,evaluated,False,141,141,47,47,94,94,0,4
A0263,1636 M L KING JR WAY,Berkeley,CA,multifamily_residential,evaluated,False,139,139,47,47,92,92,0,3
A0264,583-589 ELIZABETH AVE,Newark,NJ,multifamily_residential,evaluated,False,90,90,8,8,82,82,0,2
A0265,102 BALDWIN AVE.,Jersey City,NJ,multifamily_residential,evaluated,False,94,94,8,8,86,86,0,2
A0266,52 BRIGHT ST.,Jersey City,NJ,multifamily_residential,evaluated,False,94,94,8,8,86,86,0,2
A0267,1314 N VAN NESS AVE,Los Angeles,CA,multifamily_residential,evaluated,False,161,161,54,54,107,107,0,7
A0268,1848 FRANKLIN ST,San Francisco,CA,multifamily_residential,evaluated,False,128,128,49,49,79,79,0,3
A0269,1015 CLINTON ST,Hoboken,NJ,multifamily_residential,evaluated,False,91,91,8,8,83,83,0,2
A0270,29 CONCORD ST,Jersey City,NJ,multifamily_residential,evaluated,False,94,94,8,8,86,86,0,2
A0271,4115 LINCOLN WY,San Francisco,CA,multifamily_residential,evaluated,False,128,128,49,49,79,79,0,3
A0272,5 Everett St,Cambridge,MA,multifamily_residential,evaluated,False,77,77,12,12,65,65,0,1
A0273,3911 CENTRE ST,San Diego,CA,multifamily_residential,evaluated,False,141,141,47,47,94,94,0,4
A0274,7072 EASTMAN ST,San Diego,CA,multifamily_residential,evaluated,False,141,141,47,47,94,94,0,4
A0275,4091 MORRELL ST,San Diego,CA,multifamily_residential,evaluated,False,141,141,47,47,94,94,0,4
A0276,4361 ILLINOIS ST,San Diego,CA,multifamily_residential,evaluated,False,141,141,47,47,94,94,0,4
A0277,2736 GRANT ST,Berkeley,CA,multifamily_residential,evaluated,False,139,139,47,47,92,92,0,3
A0278,1800 FRANKLIN ST,San Francisco,CA,multifamily_residential,evaluated,False,128,128,49,49,79,79,0,3
A0279,90 KENSINGTON AVE.,Jersey City,NJ,multifamily_residential,skipped,False,0,0,0,0,0,0,0,0
A0280,1215 11TH AV,San Francisco,CA,multifamily_residential,evaluated,False,128,128,49,49,79,79,0,3
A0281,1725 N GOWER ST,Los Angeles,CA,multifamily_residential,evaluated,False,161,161,54,54,107,107,0,7
A0282,2240 10TH ST,Berkeley,CA,multifamily_residential,evaluated,False,139,139,47,47,92,92,0,3
A0283,90 BARTLETT ST,San Francisco,CA,multifamily_residential,evaluated,False,128,128,49,49,79,79,0,3
A0284,345 Columbia St,Cambridge,MA,multifamily_residential,evaluated,False,77,77,12,12,65,65,0,1
A0285,5255 HARMONY AVE,Los Angeles,CA,multifamily_residential,evaluated,False,161,161,54,54,107,107,0,7
A0286,27 Irving Ter,Cambridge,MA,multifamily_residential,evaluated,False,77,77,12,12,65,65,0,1
A0287,404 GRAND ST,Hoboken,NJ,multifamily_residential,evaluated,False,91,91,8,8,83,83,0,2
A0288,75 CLENDENNY AVE.,Jersey City,NJ,multifamily_residential,evaluated,False,94,94,8,8,86,86,0,2
A0289,1741 M L KING JR WAY,Berkeley,CA,multifamily_residential,evaluated,False,139,139,47,47,92,92,0,3
A0290,21 Forest St,Cambridge,MA,multifamily_residential,evaluated,False,77,77,12,12,65,65,0,1
A0291,165 Cambridgepark Dr,Cambridge,MA,multifamily_residential,skipped,False,0,0,0,0,0,0,0,0
A0292,24 Berkshire St,Cambridge,MA,multifamily_residential,evaluated,False,77,77,12,12,65,65,0,1
A0293,1314 NATOMA ST,San Francisco,CA,multifamily_residential,evaluated,False,128,128,49,49,79,79,0,3
A0294,178 Richdale Ave,Cambridge,MA,multifamily_residential,evaluated,False,77,77,12,12,65,65,0,1
A0295,Harvard ST LOT 2A-13,Boston,MA,subsidized_multifamily,skipped,False,0,0,0,0,0,0,0,0
A0296,83-85 MCWHORTER ST,Newark,NJ,multifamily_residential,evaluated,False,90,90,8,8,82,82,0,2
A0297,211-213 SUMMER AVE,Newark,NJ,multifamily_residential,evaluated,False,90,90,8,8,82,82,0,2
A0298,361 Washington St,Cambridge,MA,multifamily_residential,evaluated,False,77,77,12,12,65,65,0,1
A0299,1037 WASHINGTON ST,Hoboken,NJ,multifamily_residential,evaluated,False,91,91,8,8,83,83,0,2
A0300,36 Trowbridge St,Cambridge,MA,multifamily_residential,evaluated,False,77,77,12,12,65,65,0,1
A0301,165 Hampshire St,Cambridge,MA,multifamily_residential,evaluated,False,77,77,12,12,65,65,0,1
A0302,4-6 Clinton St,Cambridge,MA,multifamily_residential,evaluated,False,77,77,12,12,65,65,0,1
A0303,188 E 35TH ST,Los Angeles,CA,multifamily_residential,evaluated,False,161,161,54,54,107,107,0,7
A0304,4541 HAMILTON ST,San Diego,CA,multifamily_residential,evaluated,False,141,141,47,47,94,94,0,4
A0305,638 45TH AV,San Francisco,CA,multifamily_residential,evaluated,False,128,128,49,49,79,79,0,3
A0306,335A Harvard St,Cambridge,MA,multifamily_residential,evaluated,False,77,77,12,12,65,65,0,1
A0307,294-296 VAN BUREN ST,Newark,NJ,multifamily_residential,evaluated,False,90,90,8,8,82,82,0,2
A0308,1032 HUDSON ST,Hoboken,NJ,multifamily_residential,evaluated,False,91,91,8,8,83,83,0,2
A0309,1706 N STANLEY AVE,Los Angeles,CA,multifamily_residential,evaluated,False,161,161,54,54,107,107,0,7
A0310,53-55 Ashford ST,Boston,MA,multifamily_residential,evaluated,False,86,86,12,12,74,74,0,6
A0311,38-38- SOMME ST,Newark,NJ,multifamily_residential,evaluated,False,90,90,8,8,82,82,0,2
A0312,25 ORLANDO ST,Boston,MA,subsidized_multifamily,evaluated,True,86,86,0,12,86,74,12,6
A0313,317-319 W RUNYON ST,Newark,NJ,multifamily_residential,evaluated,False,90,90,8,8,82,82,0,2
A0314,6640 LELAND WAY,Los Angeles,CA,multifamily_residential,evaluated,False,161,161,54,54,107,107,0,7
A0315,5233 CARTWRIGHT AVE,Los Angeles,CA,multifamily_residential,evaluated,False,161,161,54,54,107,107,0,7
A0316,3978 FLORIDA ST,San Diego,CA,multifamily_residential,evaluated,False,141,141,47,47,94,94,0,4
A0317,2233 CHANNING WAY,Berkeley,CA,multifamily_residential,evaluated,False,139,139,47,47,92,92,0,3
A0318,2041 FRANCISCO ST,Berkeley,CA,multifamily_residential,evaluated,False,139,139,47,47,92,92,0,3
A0319,2315 GRANT ST,Berkeley,CA,multifamily_residential,evaluated,False,139,139,47,47,92,92,0,3
A0320,408 MADISON ST,Hoboken,NJ,multifamily_residential,evaluated,False,91,91,8,8,83,83,0,2
A0321,200 NUNDA AVE.,Jersey City,NJ,multifamily_residential,evaluated,False,94,94,8,8,86,86,0,2
A0322,227 CYPRESS DR,San Diego,CA,multifamily_residential,evaluated,False,141,141,47,47,94,94,0,4
A0323,4627 COMPTON AVE,Los Angeles,CA,multifamily_residential,evaluated,False,161,161,54,54,107,107,0,7
A0324,2003 FRANKLIN ST,San Francisco,CA,multifamily_residential,evaluated,False,128,128,49,49,79,79,0,3
A0325,38A GAUTIER AVE.,Jersey City,NJ,multifamily_residential,evaluated,False,94,94,8,8,86,86,0,2
A0326,46 JEFFERSON ST,Newark,NJ,multifamily_residential,evaluated,False,90,90,8,8,82,82,0,2
A0327,1605 N MARTEL AVE,Los Angeles,CA,multifamily_residential,evaluated,False,161,161,54,54,107,107,0,7
A0328,1845 08TH AV,San Francisco,CA,multifamily_residential,skipped,False,0,0,0,0,0,0,0,0
A0329,51 MADISON ST,Newark,NJ,multifamily_residential,evaluated,False,90,90,8,8,82,82,0,2
A0330,5229 WILLOWCREST AVE,Los Angeles,CA,multifamily_residential,evaluated,False,161,161,54,54,107,107,0,7
A0331,342-344 IRVINE TURNER BLV,Newark,NJ,multifamily_residential,evaluated,False,90,90,8,8,82,82,0,2
A0332,26 SONOMA ST,Boston,MA,subsidized_multifamily,evaluated,True,86,86,0,12,86,74,12,6
A0333,3752 33RD ST,San Diego,CA,multifamily_residential,evaluated,False,141,141,47,47,94,94,0,4
A0334,2025 FRANCISCO ST,Berkeley,CA,multifamily_residential,evaluated,False,139,139,47,47,92,92,0,3
A0335,125 BEMIS ST,San Francisco,CA,multifamily_residential,evaluated,False,128,128,49,49,79,79,0,3
A0336,151 North First St,Cambridge,MA,mixed_use_multifamily,evaluated,True,77,77,0,12,77,65,12,1
A0337,66 MONROE ST,Newark,NJ,multifamily_residential,evaluated,False,90,90,8,8,82,82,0,2
A0338,521-523 S 17TH,Newark,NJ,multifamily_residential,skipped,False,0,0,0,0,0,0,0,0
A0339,124 Berkshire St,Cambridge,MA,multifamily_residential,evaluated,False,77,77,12,12,65,65,0,1
A0340,14735 ROSCOE BLVD,Los Angeles,CA,multifamily_residential,evaluated,False,161,161,54,54,107,107,0,7
A0341,4225 50TH ST,San Diego,CA,multifamily_residential,evaluated,False,141,141,47,47,94,94,0,4
A0342,49 Roseland St,Cambridge,MA,multifamily_residential,evaluated,False,77,77,12,12,65,65,0,1
A0343,408-410 5TH ST,Newark,NJ,multifamily_residential,skipped,False,0,0,0,0,0,0,0,0
A0344,238 & 242 GARFIELD AVE.,Jersey City,NJ,multifamily_residential,evaluated,False,94,94,8,8,86,86,0,2
A0345,153 W VERNON AVE,Los Angeles,CA,multifamily_residential,evaluated,False,161,161,54,54,107,107,0,7
A0346,AUBURN DR,San Diego,CA,multifamily_residential,skipped,False,0,0,0,0,0,0,0,0
A0347,2142 2ND AVE,San Diego,CA,multifamily_residential,evaluated,False,141,141,47,47,94,94,0,4
A0348,229 CLINTON ST,Hoboken,NJ,multifamily_residential,evaluated,False,91,91,8,8,83,83,0,2
A0349,2400 DANA ST,Berkeley,CA,multifamily_residential,evaluated,False,139,139,47,47,92,92,0,3
A0350,1051 WEST SIDE AVE.,Jersey City,NJ,multifamily_residential,evaluated,False,94,94,8,8,86,86,0,2
A0351,628 HYDE ST,San Francisco,CA,multifamily_residential,evaluated,False,128,128,49,49,79,79,0,3
A0352,40-42 MT PROSPECT AVE,Newark,NJ,multifamily_residential,skipped,False,0,0,0,0,0,0,0,0
A0353,1044 E JEFFERSON BLVD,Los Angeles,CA,multifamily_residential,evaluated,False,161,161,54,54,107,107,0,7
A0354,73 LUBEC ST,Boston,MA,multifamily_residential,evaluated,False,86,86,12,12,74,74,0,6
A0355,10701 AMESTOY AVE,Los Angeles,CA,multifamily_residential,evaluated,False,161,161,54,54,107,107,0,7
A0356,16 Brainerd RD,Boston,MA,multifamily_residential,evaluated,False,86,86,12,12,74,74,0,6
A0357,173 07TH ST,San Francisco,CA,multifamily_residential,skipped,False,0,0,0,0,0,0,0,0
A0358,717 N 6TH ST,Newark,NJ,multifamily_residential,evaluated,False,90,90,8,8,82,82,0,2
A0359,925 PARK AVE,Hoboken,NJ,multifamily_residential,evaluated,False,91,91,8,8,83,83,0,2
A0360,140 NEW YORK AVE.,Jersey City,NJ,multifamily_residential,evaluated,False,94,94,8,8,86,86,0,2
A0361,15 Berkshire St,Cambridge,MA,multifamily_residential,evaluated,False,77,77,12,12,65,65,0,1
A0362,368 RIVERWAY ST,Boston,MA,multifamily_residential,evaluated,False,86,86,12,12,74,74,0,6
A0363,2451 SHATTUCK AVE,Berkeley,CA,multifamily_residential,evaluated,False,139,139,47,47,92,92,0,3
A0364,125 03RD AV,San Francisco,CA,multifamily_residential,skipped,False,0,0,0,0,0,0,0,0
A0365,3940 IDAHO ST,San Diego,CA,multifamily_residential,evaluated,False,141,141,47,47,94,94,0,4
A0366,230 Everett ST,Boston,MA,multifamily_residential,evaluated,False,86,86,12,12,74,74,0,6
A0367,219 S 35TH ST,San Diego,CA,multifamily_residential,evaluated,False,141,141,47,47,94,94,0,4
A0368,1430 FRANCISCO ST,San Francisco,CA,multifamily_residential,evaluated,False,128,128,49,49,79,79,0,3
A0369,3260 CALIFORNIA ST,Berkeley,CA,multifamily_residential,evaluated,False,139,139,47,47,92,92,0,3
A0370,2222 TOBERMAN ST,Los Angeles,CA,multifamily_residential,evaluated,False,161,161,54,54,107,107,0,7
A0371,76-80 BRUEN ST,Newark,NJ,multifamily_residential,evaluated,False,90,90,8,8,82,82,0,2
A0372,314 SEVENTH ST.,Jersey City,NJ,multifamily_residential,evaluated,False,94,94,8,8,86,86,0,2
A0373,1315 SPRUCE ST,Berkeley,CA,multifamily_residential,evaluated,False,139,139,47,47,92,92,0,3
A0374,686 S ARDMORE AVE,Los Angeles,CA,multifamily_residential,evaluated,False,161,161,54,54,107,107,0,7
A0375,1880 FULTON ST,San Francisco,CA,multifamily_residential,evaluated,False,128,128,49,49,79,79,0,3
A0376,ST JAMES ST,Boston,MA,subsidized_multifamily,skipped,False,0,0,0,0,0,0,0,0
A0377,206 BLOOMFIELD ST,Hoboken,NJ,multifamily_residential,evaluated,False,91,91,8,8,83,83,0,2
A0378,4053 IDAHO ST,San Diego,CA,multifamily_residential,evaluated,False,141,141,47,47,94,94,0,4
A0379,1336 BRUNNER ST,San Diego,CA,multifamily_residential,evaluated,False,141,141,47,47,94,94,0,4
A0380,GREENVILLE ST,Boston,MA,subsidized_multifamily,skipped,False,0,0,0,0,0,0,0,0
A0381,521-523 MARKET ST,Newark,NJ,multifamily_residential,evaluated,False,90,90,8,8,82,82,0,2
A0382,119 DAY ST,San Francisco,CA,multifamily_residential,evaluated,False,128,128,49,49,79,79,0,3
A0383,1908 CALIFORNIA ST,Berkeley,CA,multifamily_residential,evaluated,False,139,139,47,47,92,92,0,3
A0384,21 GUERRERO ST,San Francisco,CA,multifamily_residential,skipped,False,0,0,0,0,0,0,0,0
A0385,1059 UNION ST,San Francisco,CA,multifamily_residential,evaluated,False,128,128,49,49,79,79,0,3
A0386,3654 ARIZONA ST,San Diego,CA,multifamily_residential,evaluated,False,141,141,47,47,94,94,0,4
A0387,10303 CAMINITO ALVAREZ,San Diego,CA,multifamily_residential,evaluated,False,141,141,47,47,94,94,0,4
A0388,157-155 CLERK ST.,Jersey City,NJ,multifamily_residential,evaluated,False,94,94,8,8,86,86,0,2
A0389,923 GARDEN ST,Hoboken,NJ,multifamily_residential,evaluated,False,91,91,8,8,83,83,0,2
A0390,70 DARCY ST,Newark,NJ,multifamily_residential,evaluated,False,90,90,8,8,82,82,0,2
A0391,265 22ND ST,San Diego,CA,multifamily_residential,evaluated,False,141,141,47,47,94,94,0,4
A0392,4545 N 39TH ST,San Diego,CA,multifamily_residential,evaluated,False,141,141,47,47,94,94,0,4
A0393,91 JORDAN AVE.,Jersey City,NJ,multifamily_residential,evaluated,False,94,94,8,8,86,86,0,2
A0394,45 RAVINE AVE.,Jersey City,NJ,multifamily_residential,evaluated,False,94,94,8,8,86,86,0,2
A0395,1632 RUSSELL ST,Berkeley,CA,multifamily_residential,evaluated,False,139,139,47,47,92,92,0,3
A0396,3244 CLAIREMONT DR,San Diego,CA,multifamily_residential,evaluated,False,141,141,47,47,94,94,0,4
A0397,1677 BUSH ST,San Francisco,CA,multifamily_residential,evaluated,False,128,128,49,49,79,79,0,3
A0398,890 GREEN ST,San Francisco,CA,residential_tic,evaluated,True,128,128,0,49,128,79,49,3
A0399,227 WILLOW AVE,Hoboken,NJ,multifamily_residential,evaluated,False,91,91,8,8,83,83,0,2
A0400,174 MT PROSPECT AVE,Newark,NJ,multifamily_residential,skipped,False,0,0,0,0,0,0,0,0
A0401,257 14TH ST,San Francisco,CA,multifamily_residential,evaluated,False,128,128,49,49,79,79,0,3
A0402,2914 LARKIN ST,San Francisco,CA,multifamily_residential,evaluated,False,128,128,49,49,79,79,0,3
A0403,45 Myrtle ST,Boston,MA,subsidized_multifamily,evaluated,True,86,86,0,12,86,74,12,6
A0404,240 BOWERS ST.,Jersey City,NJ,multifamily_residential,evaluated,False,94,94,8,8,86,86,0,2
A0405,10214 FERNGLEN AVE,Los Angeles,CA,multifamily_residential,evaluated,False,161,161,54,54,107,107,0,7
A0406,170 W Springfield ST,Boston,MA,subsidized_multifamily,evaluated,True,86,86,0,12,86,74,12,6
A0407,4188 GREENBUSH AVE,Los Angeles,CA,multifamily_residential,evaluated,False,161,161,54,54,107,107,0,7
A0408,14375 POLK ST,Los Angeles,CA,multifamily_residential,evaluated,False,161,161,54,54,107,107,0,7
A0409,4428 GRESHAM ST,San Diego,CA,multifamily_residential,evaluated,False,141,141,47,47,94,94,0,4
A0410,319 SUMMIT AVE.,Jersey City,NJ,multifamily_residential,evaluated,False,94,94,8,8,86,86,0,2
A0411,1833 BERKELEY WAY,Berkeley,CA,multifamily_residential,evaluated,False,139,139,47,47,92,92,0,3
A0412,229-231 GRAFTON AVE,Newark,NJ,multifamily_residential,evaluated,False,90,90,8,8,82,82,0,2
A0413,2209 GRAND AVE,San Diego,CA,multifamily_residential,evaluated,False,141,141,47,47,94,94,0,4
A0414,1987 CALIFORNIA ST,San Francisco,CA,multifamily_residential,evaluated,False,128,128,49,49,79,79,0,3
A0415,95 WAYNE ST.,Jersey City,NJ,multifamily_residential,evaluated,False,94,94,8,8,86,86,0,2
A0416,882 PAVONIA AVE.,Jersey City,NJ,multifamily_residential,evaluated,False,94,94,8,8,86,86,0,2
A0417,4957 CAHUENGA BLVD,Los Angeles,CA,multifamily_residential,evaluated,False,161,161,54,54,107,107,0,7
A0418,221 SIP AVE.,Jersey City,NJ,multifamily_residential,evaluated,False,94,94,8,8,86,86,0,2
A0419,1538 HENRY ST,Berkeley,CA,multifamily_residential,evaluated,False,139,139,47,47,92,92,0,3
A0420,4419 CLEVELAND AVE,San Diego,CA,multifamily_residential,evaluated,False,141,141,47,47,94,94,0,4
A0421,17106 CHATSWORTH ST   APT 0001,Los Angeles,CA,multifamily_residential,evaluated,False,161,161,54,54,107,107,0,7
A0422,21-23 Marion St,Cambridge,MA,multifamily_residential,evaluated,False,77,77,12,12,65,65,0,1
A0423,10 CAMELOT CT,Boston,MA,multifamily_residential,evaluated,False,86,86,12,12,74,74,0,6
A0424,208 JEFFERSON ST,Hoboken,NJ,multifamily_residential,evaluated,False,91,91,8,8,83,83,0,2
A0425,650 POST ST,San Francisco,CA,multifamily_residential,evaluated,False,128,128,49,49,79,79,0,3
A0426,1307 COLUSA ST,San Diego,CA,multifamily_residential,evaluated,False,141,141,47,47,94,94,0,4
A0427,7665 FOUNTAIN AVE,Los Angeles,CA,multifamily_residential,evaluated,False,161,161,54,54,107,107,0,7
A0428,312-314 MT PROSPECT AVE,Newark,NJ,multifamily_residential,skipped,False,0,0,0,0,0,0,0,0
A0429,12 BLACKWOOD ST,Boston,MA,multifamily_residential,evaluated,False,86,86,12,12,74,74,0,6
A0430,1950 ADDISON ST,Berkeley,CA,multifamily_residential,evaluated,False,139,139,47,47,92,92,0,3
A0431,245 EUCLID AVE,San Diego,CA,multifamily_residential,evaluated,False,141,141,47,47,94,94,0,4
A0432,14605 RAYEN ST,Los Angeles,CA,multifamily_residential,evaluated,False,161,161,54,54,107,107,0,7
A0433,720 W 27TH ST,Los Angeles,CA,multifamily_residential,evaluated,False,161,161,54,54,107,107,0,7
A0434,1225 HYDE ST,San Francisco,CA,multifamily_residential,evaluated,False,128,128,49,49,79,79,0,3
A0435,310 MONROE ST,Hoboken,NJ,multifamily_residential,evaluated,False,91,91,8,8,83,83,0,2
A0436,832 WILLOW AVE,Hoboken,NJ,multifamily_residential,evaluated,False,91,91,8,8,83,83,0,2
A0437,2969 SAN MARINO ST,Los Angeles,CA,multifamily_residential,evaluated,False,161,161,54,54,107,107,0,7
A0438,60-62 CAMBRIDGE AVE,Jersey City,NJ,multifamily_residential,evaluated,False,94,94,8,8,86,86,0,2
A0439,225 25TH AV,San Francisco,CA,multifamily_residential,evaluated,False,128,128,49,49,79,79,0,3
A0440,4042 FULTON ST,San Francisco,CA,multifamily_residential,evaluated,False,128,128,49,49,79,79,0,3
A0441,4017 ILLINOIS ST,San Diego,CA,multifamily_residential,evaluated,False,141,141,47,47,94,94,0,4
A0442,7014 LANEWOOD AVE,Los Angeles,CA,multifamily_residential,evaluated,False,161,161,54,54,107,107,0,7
A0443,3526 FAIRMOUNT AVE,San Diego,CA,multifamily_residential,evaluated,False,141,141,47,47,94,94,0,4
A0444,231 COMMONWEALTH AV,Boston,MA,multifamily_residential,evaluated,False,86,86,12,12,74,74,0,6
A0445,8790 VAN NUYS BLVD,Los Angeles,CA,multifamily_residential,evaluated,False,161,161,54,54,107,107,0,7
A0446,610 COLUMBUS AV,Boston,MA,multifamily_residential,evaluated,False,86,86,12,12,74,74,0,6
A0447,208 CLINTON ST,Hoboken,NJ,multifamily_residential,evaluated,False,91,91,8,8,83,83,0,2
A0448,151-153 LAFAYETTE ST,Newark,NJ,multifamily_residential,evaluated,False,90,90,8,8,82,82,0,2
A0449,338 CLINTON PL,Newark,NJ,multifamily_residential,evaluated,False,90,90,8,8,82,82,0,2
A0450,94 NEPTUNE AVE.,Jersey City,NJ,multifamily_residential,evaluated,False,94,94,8,8,86,86,0,2
A0451,7300 VALMONT ST,Los Angeles,CA,multifamily_residential,evaluated,False,161,161,54,54,107,107,0,7
A0452,1310 N LAS PALMAS AVE,Los Angeles,CA,multifamily_residential,evaluated,False,161,161,54,54,107,107,0,7
A0453,11 Carlisle St,Cambridge,MA,multifamily_residential,evaluated,False,77,77,12,12,65,65,0,1
A0454,8944 COLUMBUS AVE,Los Angeles,CA,multifamily_residential,evaluated,False,161,161,54,54,107,107,0,7
A0455,78 STEVENS AVE.,Jersey City,NJ,multifamily_residential,evaluated,False,94,94,8,8,86,86,0,2
A0456,2151 CHATSWORTH BLVD,San Diego,CA,multifamily_residential,evaluated,False,141,141,47,47,94,94,0,4
A0457,1856 GREEN ST,San Francisco,CA,multifamily_residential,evaluated,False,128,128,49,49,79,79,0,3
A0458,1670 E 48TH PL,Los Angeles,CA,multifamily_residential,evaluated,False,161,161,54,54,107,107,0,7
A0459,202 SOUTH ST.,Jersey City,NJ,multifamily_residential,evaluated,False,94,94,8,8,86,86,0,2
A0460,223-229 SHEPHARD AVE,Newark,NJ,multifamily_residential,evaluated,False,90,90,8,8,82,82,0,2
A0461,735 11TH AV,San Francisco,CA,multifamily_residential,evaluated,False,128,128,49,49,79,79,0,3
A0462,128 ST. PAULS AVE.,Jersey City,NJ,multifamily_residential,evaluated,False,94,94,8,8,86,86,0,2
A0463,4 BEECHWOOD ST,Boston,MA,subsidized_multifamily,evaluated,True,86,86,0,12,86,74,12,6
A0464,2-98 DABNEY ST,Boston,MA,subsidized_multifamily,evaluated,True,86,86,0,12,86,74,12,6
A0465,141 Oxford St,Cambridge,MA,multifamily_residential,evaluated,False,77,77,12,12,65,65,0,1
A0466,115 NORWAY ST,Boston,MA,multifamily_residential,evaluated,False,86,86,12,12,74,74,0,6
A0467,24 ST ALBANS RD,Boston,MA,subsidized_multifamily,evaluated,True,86,86,0,12,86,74,12,6
A0468,13 Shepard St,Cambridge,MA,multifamily_residential,evaluated,False,77,77,12,12,65,65,0,1
A0469,2701 SHATTUCK AVE,Berkeley,CA,multifamily_residential,evaluated,False,139,139,47,47,92,92,0,3
A0470,1919 CURTIS ST,Berkeley,CA,multifamily_residential,evaluated,False,139,139,47,47,92,92,0,3
A0471,332-334 GARDEN ST,Hoboken,NJ,multifamily_residential,evaluated,False,91,91,8,8,83,83,0,2
A0472,321 WILLOW AVE,Hoboken,NJ,multifamily_residential,evaluated,False,91,91,8,8,83,83,0,2
A0473,20 Phillips ST,Boston,MA,multifamily_residential,evaluated,False,86,86,12,12,74,74,0,6
A0474,3438 MCKINLEY AVE,Los Angeles,CA,multifamily_residential,evaluated,False,161,161,54,54,107,107,0,7
A0475,361 FIRST ST,Hoboken,NJ,multifamily_residential,evaluated,False,91,91,8,8,83,83,0,2
A0476,26-28 COTTAGE ST,Newark,NJ,multifamily_residential,evaluated,False,90,90,8,8,82,82,0,2
A0477,2250 MISSION ST,San Francisco,CA,multifamily_residential,evaluated,False,128,128,49,49,79,79,0,3
A0478,3860 CHEROKEE AVE,San Diego,CA,multifamily_residential,evaluated,False,141,141,47,47,94,94,0,4
A0479,12948 MOORPARK ST,Los Angeles,CA,multifamily_residential,evaluated,False,161,161,54,54,107,107,0,7
A0480,4046 N 43RD ST,San Diego,CA,multifamily_residential,evaluated,False,141,141,47,47,94,94,0,4
A0481,536 LEAVENWORTH ST,San Francisco,CA,multifamily_residential,evaluated,False,128,128,49,49,79,79,0,3
A0482,101 CLIFTON PL.,Jersey City,NJ,multifamily_residential,evaluated,False,94,94,8,8,86,86,0,2
A0483,1580 MARKET ST,San Francisco,CA,multifamily_residential,evaluated,False,128,128,49,49,79,79,0,3
A0484,1801 08TH AV,San Francisco,CA,multifamily_residential,skipped,False,0,0,0,0,0,0,0,0
A0485,296-302 Western Ave,Cambridge,MA,multifamily_residential,evaluated,False,77,77,12,12,65,65,0,1
A0486,2280 MISSION ST,San Francisco,CA,multifamily_residential,evaluated,False,128,128,49,49,79,79,0,3
A0487,2118 FILLMORE ST,San Francisco,CA,multifamily_residential,evaluated,False,128,128,49,49,79,79,0,3
A0488,197 BEACON ST,Boston,MA,multifamily_residential,evaluated,False,86,86,12,12,74,74,0,6
A0489,204 GRAND ST,Hoboken,NJ,multifamily_residential,evaluated,False,91,91,8,8,83,83,0,2
A0490,526 ADAMS ST,Hoboken,NJ,multifamily_residential,evaluated,False,91,91,8,8,83,83,0,2
A0491,37 IRVING ST,Newark,NJ,multifamily_residential,evaluated,False,90,90,8,8,82,82,0,2
A0492,800 S HARVARD BLVD,Los Angeles,CA,multifamily_residential,evaluated,False,161,161,54,54,107,107,0,7
A0493,4450 GEARY BL,San Francisco,CA,multifamily_residential,evaluated,False,128,128,49,49,79,79,0,3
A0494,2641 FRANKLIN ST,San Francisco,CA,multifamily_residential,evaluated,False,128,128,49,49,79,79,0,3
A0495,230 VAN HORNE ST.,Jersey City,NJ,multifamily_residential,evaluated,False,94,94,8,8,86,86,0,2
A0496,512 32ND ST,San Diego,CA,multifamily_residential,evaluated,False,141,141,47,47,94,94,0,4
A0497,3750 29TH ST,San Diego,CA,multifamily_residential,evaluated,False,141,141,47,47,94,94,0,4
A0498,684-686 SUMMER AVE,Newark,NJ,multifamily_residential,evaluated,False,90,90,8,8,82,82,0,2
A0499,8519 WILLIS AVE,Los Angeles,CA,multifamily_residential,evaluated,False,161,161,54,54,107,107,0,7
A0500,8811 BURNET AVE,Los Angeles,CA,multifamily_residential,evaluated,False,161,161,54,54,107,107,0,7
