source_dataset,use_code,sample_address_count,observed_use_description,official_code_definition,usecode_property_use,use_code_unit_min,use_code_unit_max,additional_information,definition_verification_status,source_field_maintenance,definition_source_url,mapping_note,reviewed_at
Alameda County parcels,7200,5,Alameda County use code (5+ units),Residential property converted to 5 or more units,multifamily_residential,5,,,verified_official_codebook,official_update_schedule_unknown,https://propinfo.acgov.org/UseCodeList/,Official Alameda County Assessor use-code list.,2026-10-03
Alameda County parcels,7700,34,Alameda County use code (5+ units),Multiple residential building of 5 or more units,multifamily_residential,5,,,verified_official_codebook,official_update_schedule_unknown,https://propinfo.acgov.org/UseCodeList/,Official Alameda County Assessor use-code list.,2026-10-03
Alameda County parcels,7800,1,Alameda County use code (5+ units),Residential high-rise (7 or more stories),multifamily_residential,,,7 or more stories,verified_official_codebook,official_update_schedule_unknown,https://propinfo.acgov.org/UseCodeList/,"The code establishes use and height, but not a unit-count threshold.",2026-10-03
Boston Property Assessment FY2026,A/112,28,APT 7-30 UNITS,APT 7-30 UNITS,multifamily_residential,7,30,,verified_official_dataset,current_annual_assessment_roll,https://gis.boston.gov/arcgis/rest/services/Assessing/properties_boston_gov/FeatureServer/0,"Official FY26 records directly pair LU=A, LUC=112 and this description.",2026-10-03
Boston Property Assessment FY2026,A/118,1,ELDERLY HOME,ELDERLY HOME,specialized_residential,,,Elderly residential use,verified_official_dataset,current_annual_assessment_roll,https://gis.boston.gov/arcgis/rest/services/Assessing/properties_boston_gov/FeatureServer/0,"Official FY26 records directly pair LU=A, LUC=118 and this description.",2026-10-03
Boston Property Assessment FY2026,A/120,5,LUXURY APARTMENT,LUXURY APARTMENT,multifamily_residential,,,Luxury apartment,verified_official_dataset,current_annual_assessment_roll,https://gis.boston.gov/arcgis/rest/services/Assessing/properties_boston_gov/FeatureServer/0,"Official FY26 records directly pair LU=A, LUC=120 and this description.",2026-10-03
Boston Property Assessment FY2026,A/125,26,SUBSD HOUSING S- 8,SUBSD HOUSING S-8,subsidized_multifamily,,,Section 8 subsidized housing indicator,verified_official_dataset,current_annual_assessment_roll,https://gis.boston.gov/arcgis/rest/services/Assessing/properties_boston_gov/FeatureServer/0,Assessment classification only; current program participation is not validated here.,2026-10-03
Cambridge Property Database FY2026 (waa7-ibdu),111,33,4-8-UNIT-APT,4-8-UNIT-APT; Residential,multifamily_residential,4,8,,verified_official_codebook,current_annual_assessment_roll,https://www.cambridgema.gov/gis/gisdatadictionary/cdd/cdd_landuse,Official Cambridge GIS data dictionary.,2026-10-03
Cambridge Property Database FY2026 (waa7-ibdu),112,17,>8-UNIT-APT || MXD >8-UNIT-APT,>8-UNIT-APT; Residential,multifamily_residential,9,,,verified_official_codebook,current_annual_assessment_roll,https://www.cambridgema.gov/gis/gisdatadictionary/cdd/cdd_landuse,Official meaning of code 112 only; observed descriptions are not validated here.,2026-10-03
DataSF wv5m-vpq2 (2025 roll),A15,17,Apartment 15 Units or more,Apartment 15 units or more,multifamily_residential,15,,,verified_government_published_codebook,annual_assessment_roll,https://www.hcd.ca.gov/housing-elements/docs/san-francisco-6th-draft051022.pdf,Government-published San Francisco property-class list.,2026-10-03
DataSF wv5m-vpq2 (2025 roll),A5,55,Apartment 5 to 14 Units,Apartment 5 to 14 units,multifamily_residential,5,14,,verified_government_published_codebook,annual_assessment_roll,https://www.hcd.ca.gov/housing-elements/docs/san-francisco-6th-draft051022.pdf,No comparison with the separate units field is performed here.,2026-10-03
DataSF wv5m-vpq2 (2025 roll),F5,1,Flats 5 to 14 units,Flats 5 to 14 units,multifamily_residential,5,14,,verified_government_published_codebook,annual_assessment_roll,https://www.hcd.ca.gov/housing-elements/docs/san-francisco-6th-draft051022.pdf,Government-published San Francisco property-class list.,2026-10-03
DataSF wv5m-vpq2 (2025 roll),FS5,6,Flat & Store 5 to 14 units,"Flat and store, 5 to 14 units",mixed_use_multifamily,5,14,Ground-floor or associated store use,verified_government_published_codebook,annual_assessment_roll,https://www.hcd.ca.gov/housing-elements/docs/san-francisco-6th-draft051022.pdf,Government-published San Francisco property-class list.,2026-10-03
DataSF wv5m-vpq2 (2025 roll),TIC,1,TIC Bldg 4 units or less,"TIC building, 4 units or fewer",residential_tic,,4,Tenancy-in-common classification,verified_government_published_codebook,annual_assessment_roll,https://www.hcd.ca.gov/housing-elements/docs/san-francisco-6th-draft051022.pdf,No comparison with the separate units field is performed here.,2026-10-03
LA County eGIS parcels,0500,71,Five or more apartments,Multi-Family Residence; five or more apartments or units; 4 stories or less; final character unused or unknown,multifamily_residential,5,,4 stories or less,verified_official_codebook,official_update_schedule_unknown,https://www.epa.gov/system/files/documents/2023-11/prelim-desig-memo-alamitos-bay-los-cerritos-channel-dominguez-channel-la-long-beach-inner-harbor-watersheds-2023-10-02.pdf,Decoded from the LA County Assessor Real Property Handbook.,2026-10-03
LA County eGIS parcels,0501,5,Five or more apartments,Multi-Family Residence; five or more apartments or units; 4 stories or less; pool,multifamily_residential,5,,4 stories or less; pool,verified_official_codebook,official_update_schedule_unknown,https://www.epa.gov/system/files/documents/2023-11/prelim-desig-memo-alamitos-bay-los-cerritos-channel-dominguez-channel-la-long-beach-inner-harbor-watersheds-2023-10-02.pdf,Decoded from the LA County Assessor Real Property Handbook.,2026-10-03
LA County eGIS parcels,050C,1,Five or more apartments,Multi-Family Residence; five or more apartments or units; 4 stories or less; commonly owned condominium project not separately parceled,multifamily_residential,5,,4 stories or less; condominium project,verified_official_codebook,official_update_schedule_unknown,https://www.epa.gov/system/files/documents/2023-11/prelim-desig-memo-alamitos-bay-los-cerritos-channel-dominguez-channel-la-long-beach-inner-harbor-watersheds-2023-10-02.pdf,Decoded from the LA County Assessor Real Property Handbook.,2026-10-03
LA County eGIS parcels,050V,2,Five or more apartments,Multi-Family Residence category; five or more apartments or units; vacant parcel,multifamily_residential,5,,Vacant parcel classification,verified_official_codebook,official_update_schedule_unknown,https://www.epa.gov/system/files/documents/2023-11/prelim-desig-memo-alamitos-bay-los-cerritos-channel-dominguez-channel-la-long-beach-inner-harbor-watersheds-2023-10-02.pdf,Official code meaning only; current occupancy is not validated here.,2026-10-03
LA County eGIS parcels,0551,1,Five or more apartments,Multi-Family Residence; five or more apartments or units; 5 stories or more; pool,multifamily_residential,5,,5 stories or more; pool,verified_official_codebook,official_update_schedule_unknown,https://www.epa.gov/system/files/documents/2023-11/prelim-desig-memo-alamitos-bay-los-cerritos-channel-dominguez-channel-la-long-beach-inner-harbor-watersheds-2023-10-02.pdf,Decoded from the LA County Assessor Real Property Handbook.,2026-10-03
NJOGIS Parcels & MOD-IV Composite,4C,140,"10S-B-A-151U-HE || 13B-93U-2C-G || 1SCB || 2,4B-16U-H-X || 2,5B-90U-H-BA || 2-4S-B-A-26U-H || 2.5S.F. || 2.5SF || 2.5SF4UG || 2F-4U/2F-2U || 2S-B-A-6U || 2SF2UG || 2SF3UG || 3&4S-B&F-14U || 3B-7U/4B-24U-G || 3S+BT-F-6U || 3S-6U-AFFORDABL || 3S-B-12U || 3S-B-A-13U-H || 3S-B-A-14U-H || 3S-B-A-22U || 3S-B-D-6U-H || 3S-B-D-6U-NH || 3S-B-D-7U-NH || 3S-F-5U-NH || 3S-F-7U || 3S-F-A-12U-H || 3S-F-D-5U-NH || 3S-F-D-6U || 3S-F-D-6U-H || 3S-F-D-6U-NH || 3S-F-D-7U-NH || 3S-F-D-8U-H || 3S-FD-12U-H || 3S.B. || 3S.F. || 3SB || 3SB-2UG || 3SB1UG || 3SB2UG || 3SB3UG || 3SF || 3SF3UG || 3SF4UG || 3SF5UG || 4 1/2B-10U-BA || 4-S-BT-21U-H || 4B-5U-H-BA || 4B-7U-H || 4B-7U-H-BA || 4B-8U || 4B-8U-BA || 4B-8U-H || 4B-9U || 4B-9U-H-BA || 4F-6U || 4F-7U || 4F-8U || 4F-8U-C/3F-2U || 4S-B-44U || 4S-B-8U-H || 4S-B-A-16U-H || 4S-B-A-17U || 4S-B-A-17U-H || 4S-B-A-21U || 4S-B-A-21U-H || 4S-B-A-25U-H || 4S-B-A-46U-H || 4S-B-D-7U-NH-G || 4S-B-D-8U-NH || 4S-BA-21U-H || 4S.B || 4SB || 5B-10U-BA || 5B-10U-H-BA || 5B-11U-H-BA-G || 5B-12U-1BX-H-BA || 5B-12U-BA || 5B-14U || 5B-14U-H-BA || 5B-1OU || 5B-20U-H || 5B-26U-H-CO-OP || 5B-35U-G || 5B-5U-H-(CO-OP) || 5B-64U/5B-64U-G || 5B-6B-25U-H-BA || 5S-BT-B-C-21U-H || 5SB || 6B-20U-G || 6B-30U-G || 6S-B+F-45U-17G || Apartments (class 4C) || USCB16UG",Apartments; class 4C; 5 units or more,multifamily_residential,5,,New Jersey property tax class 4C,verified_official_codebook,official_update_schedule_unknown,https://www.nj.gov/treasury/taxation/pdf/lpt/modIVmanual.pdf,NJ MOD-IV manual provides a separate Number of Apartments field for Class 4C.,2026-10-03
SANDAG/SanGIS parcels,14,41,SANDAG asr_landuse 14-16 (5+ units),MULTIPLE 5 TO 15 UNITS-GENERIC,multifamily_residential,5,15,Generic multiple-residential classification,verified_government_dataset_documentation,legacy_irregularly_maintained,https://www.sandiego.gov/sites/default/files/appendices_-_6-10.pdf,ASR_LANDUSE is a legacy generalized field; NUCLEUS_USE_CD is more detailed.,2026-10-03
SANDAG/SanGIS parcels,15,7,SANDAG asr_landuse 14-16 (5+ units),MULTIPLE 16 TO 60 UNITS-GENERIC,multifamily_residential,16,60,Generic multiple-residential classification,verified_government_dataset_documentation,legacy_irregularly_maintained,https://www.sandiego.gov/sites/default/files/appendices_-_6-10.pdf,ASR_LANDUSE is a legacy generalized field; NUCLEUS_USE_CD is more detailed.,2026-10-03
SANDAG/SanGIS parcels,16,2,SANDAG asr_landuse 14-16 (5+ units),MULTIPLE 61 UNITS AND UP-GENERIC,multifamily_residential,61,,Generic multiple-residential classification,verified_government_dataset_documentation,legacy_irregularly_maintained,https://www.sandiego.gov/sites/default/files/appendices_-_6-10.pdf,ASR_LANDUSE is a legacy generalized field; NUCLEUS_USE_CD is more detailed.,2026-10-03
